-- phpMyAdmin SQL Dump
-- version 5.2.1
-- https://www.phpmyadmin.net/
--
-- Host: localhost
-- Tempo de geração: 14/12/2024 às 02:38
-- Versão do servidor: 8.0.39
-- Versão do PHP: 8.3.12

SET SQL_MODE = "NO_AUTO_VALUE_ON_ZERO";
START TRANSACTION;
SET time_zone = "+00:00";


/*!40101 SET @OLD_CHARACTER_SET_CLIENT=@@CHARACTER_SET_CLIENT */;
/*!40101 SET @OLD_CHARACTER_SET_RESULTS=@@CHARACTER_SET_RESULTS */;
/*!40101 SET @OLD_COLLATION_CONNECTION=@@COLLATION_CONNECTION */;
/*!40101 SET NAMES utf8mb4 */;

--
-- Banco de dados: `fnsc`
--

-- --------------------------------------------------------

--
-- Estrutura para tabela `documento`
--

CREATE TABLE `documento` (
  `id` int NOT NULL,
  `arquivo` varchar(320) DEFAULT NULL,
  `data` date NOT NULL,
  `hora` time NOT NULL
) ENGINE=InnoDB DEFAULT CHARSET=utf8mb3;

--
-- Despejando dados para a tabela `documento`
--

INSERT INTO `documento` (`id`, `arquivo`, `data`, `hora`) VALUES
(1, 'documento1.pdf', '2024-12-13', '14:30:00'),
(2, 'relatorio_geral.xlsx', '2024-12-12', '08:15:00'),
(3, 'imagem1.png', '2024-12-11', '17:00:00'),
(4, 'apresentacao.pptx', '2024-12-10', '10:45:00'),
(5, 'notas_fiscais.csv', '2024-12-09', '13:00:00'),
(6, 'contrato_2024.docx', '2024-12-08', '16:20:00'),
(7, 'planilha_financeira.xls', '2024-12-07', '09:10:00'),
(8, 'foto_perfil.jpg', '2024-12-06', '11:30:00'),
(9, 'documento_referencia.pdf', '2024-12-05', '18:45:00'),
(10, 'relatorio_mensal.docx', '2024-12-04', '07:25:00');

-- --------------------------------------------------------

--
-- Estrutura para tabela `documento_has_tipo_documento`
--

CREATE TABLE `documento_has_tipo_documento` (
  `id_documento` int NOT NULL,
  `id_tipo_documento` int NOT NULL
) ENGINE=InnoDB DEFAULT CHARSET=utf8mb3;

--
-- Despejando dados para a tabela `documento_has_tipo_documento`
--

INSERT INTO `documento_has_tipo_documento` (`id_documento`, `id_tipo_documento`) VALUES
(1, 1),
(2, 2),
(3, 3),
(4, 4),
(5, 5),
(6, 6),
(7, 7),
(8, 8),
(9, 9),
(10, 10);

-- --------------------------------------------------------

--
-- Estrutura para tabela `endereco`
--

CREATE TABLE `endereco` (
  `id` int NOT NULL,
  `estado` varchar(100) DEFAULT NULL,
  `cidade` varchar(100) DEFAULT NULL,
  `logradouro` varchar(250) NOT NULL,
  `bairro` varchar(80) NOT NULL,
  `complemento` varchar(50) DEFAULT NULL,
  `numero` varchar(10) DEFAULT NULL,
  `cep` varchar(10) NOT NULL
) ENGINE=InnoDB DEFAULT CHARSET=utf8mb3;

--
-- Despejando dados para a tabela `endereco`
--

INSERT INTO `endereco` (`id`, `estado`, `cidade`, `logradouro`, `bairro`, `complemento`, `numero`, `cep`) VALUES
(1, 'Rio de Janeiro', 'Seropédica', 'Rua das Palmeiras', 'Centro', 'Próximo à praça central', '120', '23890-000'),
(2, 'Rio de Janeiro', 'Seropédica', 'Avenida Brasil', 'Boa Esperança', 'Apartamento 201', '45', '23894-100'),
(3, 'Rio de Janeiro', 'Seropédica', 'Travessa das Flores', 'Jardim das Acácias', 'Próximo à escola', '15A', '23892-300'),
(4, 'Rio de Janeiro', 'Seropédica', 'Estrada Rio-São Paulo', 'Campo Lindo', 'Casa', 'SN', '23895-400'),
(5, 'Rio de Janeiro', 'Seropédica', 'Praça da Matriz', 'Vila Real', 'Ao lado da igreja', '10', '23896-500'),
(6, 'Rio de Janeiro', 'Seropédica', 'Rua do Comércio', 'Vila Esperança', 'Próximo ao mercado', '32', '23897-100'),
(7, 'Rio de Janeiro', 'Seropédica', 'Avenida das Américas', 'Jardim Maracanã', 'Apartamento 305', '60', '23898-200'),
(8, 'Rio de Janeiro', 'Seropédica', 'Rua das Acácias', 'Vila Nova', 'Casa ao lado do hospital', '500', '23899-300'),
(9, 'Rio de Janeiro', 'Seropédica', 'Rua do Sol', 'Campo Lindo', 'Próximo à estação', '150', '23893-600'),
(10, 'Rio de Janeiro', 'Seropédica', 'Travessa da Liberdade', 'Centro', 'Em frente ao centro cultural', '11', '23890-100'),
(11, 'Rio de Janeiro', 'Seropédica', 'Avenida da Paz', 'Boa Esperança', 'Próximo ao clube', '88', '23894-200'),
(12, 'Rio de Janeiro', 'Seropédica', 'Rua Jardim', 'Vila Esperança', 'Próximo à escola', '22', '23897-200'),
(13, 'Rio de Janeiro', 'Seropédica', 'Rua do Bosque', 'Jardim das Acácias', 'Ao lado da praça', '75', '23892-100'),
(14, 'Rio de Janeiro', 'Seropédica', 'Estrada do Rio', 'Vila Real', 'Próximo à biblioteca', '200', '23896-600'),
(15, 'Rio de Janeiro', 'Seropédica', 'Rua da Alegria', 'Jardim Maracanã', 'Ao lado do mercado', '40', '23898-300'),
(16, 'Rio de Janeiro', 'Seropédica', 'Avenida dos Pássaros', 'Vila Nova', 'Em frente à padaria', '30', '23899-400'),
(17, 'Rio de Janeiro', 'Seropédica', 'Rua do Rio', 'Centro', 'Ao lado da estação de trem', '18', '23890-300'),
(18, 'Rio de Janeiro', 'Seropédica', 'Avenida das Palmeiras', 'Campo Lindo', 'Em frente à escola', '90', '23893-500');

-- --------------------------------------------------------

--
-- Estrutura para tabela `fazenda`
--

CREATE TABLE `fazenda` (
  `id` int NOT NULL,
  `area` float DEFAULT NULL,
  `nome` varchar(100) NOT NULL,
  `poligono` polygon NOT NULL
) ENGINE=InnoDB DEFAULT CHARSET=utf8mb3;

--
-- Despejando dados para a tabela `fazenda`
--

INSERT INTO `fazenda` (`id`, `area`, `nome`, `poligono`) VALUES
(1, 69.85, 'Buraco Fundo', 0x0000000001030000000100000005000000000000009e392341000000049ada914100000000b43c234100000080538d5c41000000008c3f234100000040f48b5c4100000000763b2341000000c0d58b5c41000000009e392341000000049ada9141),
(2, 61.18, 'Santa Sofia', 0x000000000103000000010000000500000000000000003a2341000000c0848f5c41000000006a3d234100000040ca8f5c4100000000ec43234100000040dc8e5c41000000003e41234100000040988e5c4100000000003a2341000000c0848f5c41),
(3, 310.96, 'Carretao', 0x000000000103000000010000000500000000000000765423410000000087935c4100000000d0642341000000c0cc955c41000000000e69234100000040d4945c4100000000365b234100000080e3925c4100000000765423410000000087935c41),
(4, 514.5, 'Pau cheiroso', 0x000000000103000000010000000500000000000000286c234100000080d6945c410000000028852341000000c0b2965c4100000000188a234100000040a6955c4100000000d26b23410000008063935c4100000000286c234100000080d6945c41),
(5, 72.35, 'Bom Jardim', 0x000000000103000000010000000500000000000000246a23410000000050965c4100000000606c23410000004094965c41000000001c7123410000008008965c41000000006e6c234100000040fe945c4100000000246a23410000000050965c41),
(6, 26.53, 'Santa Alice', 0x0000000001030000000100000004000000000000000c572341000000001f905c4100000000d8642341000000c076925c41000000007466234100000080cd8f5c41000000000c572341000000001f905c41),
(7, 114.39, 'Jardim Maracana', 0x0000000001030000000100000004000000000000002a702341000000802c8e5c410000000016712341000000c0dd8e5c4100000000ee7b234100000080e68d5c41000000002a702341000000802c8e5c41),
(8, 15.63, 'Valao da louca', 0x0000000001030000000100000004000000000000005a302341000000c0808e5c41000000005436234100000000a98e5c4100000000a234234100000040378e5c41000000005a302341000000c0808e5c41),
(9, 7.5, 'Gleba A', 0x0000000001030000000100000004000000000000007a3b234100000000318f5c4100000000803e234100000040fe8e5c4100000000ee3a234100000000d98e5c41000000007a3b234100000000318f5c41),
(10, 206.78, 'Fazenda Caxias', 0x0000000001030000000100000005000000000000003c502341000000801d8d5c410000000036552341000000c0718c5c4100000000b843234100000000408b5c41000000003c40234100000040d78b5c41000000003c502341000000801d8d5c41),
(11, 78884.4, 'Fazenda Nacional de Santa Cruz', 0x000000000103000000010000001b00000000000080696158410000008098e7914100000000ae77584100000060d8e0914100000080fb5658410000002c59df91410000000000565841000000ecbcde9141000000c073585841000000b4dbd59141000000008a5758410000002c1dd0914100000040bd6158410000004c45d0914100000080135958410000009cb4cb9141000000006e1a5841000000c8dcc8914100000000fa15584100000020bcc891410000004039c85741000000603bcc914100000040bdf35741000000583bce91410000004026f85741000000c845d1914100000000f07b57410000000839d39141000000804f6f5741000000e4d2d29141000000409d735741000000d408db914100000000be5957410000002cd3da914100000040165b574100000054c9db9141000000c07a7e57410000000893db914100000000e599574100000060b2dd9141000000801bae5741000000504ddc9141000000801bda57410000001083de9141000000c0ffc95741000000dc46e0914100000040dcef574100000044f1e191410000004027ea57410000007081e2914100000080eb025841000000f85fe3914100000080696158410000008098e79141);

-- --------------------------------------------------------

--
-- Estrutura para tabela `fazenda_municipio`
--

CREATE TABLE `fazenda_municipio` (
  `id_fazenda` int NOT NULL,
  `id_municipio` int NOT NULL
) ENGINE=InnoDB DEFAULT CHARSET=utf8mb3;

--
-- Despejando dados para a tabela `fazenda_municipio`
--

INSERT INTO `fazenda_municipio` (`id_fazenda`, `id_municipio`) VALUES
(1, 19),
(2, 19),
(3, 19),
(4, 19),
(5, 19),
(6, 19),
(7, 19),
(8, 19),
(9, 19),
(10, 19),
(11, 19);

-- --------------------------------------------------------

--
-- Estrutura para tabela `gleba`
--

CREATE TABLE `gleba` (
  `id` int NOT NULL,
  `id_rural_zona` int NOT NULL,
  `nome` varchar(100) DEFAULT NULL,
  `poligono` polygon DEFAULT NULL,
  `rgi` varchar(15) DEFAULT NULL
) ENGINE=InnoDB DEFAULT CHARSET=utf8mb3;

--
-- Despejando dados para a tabela `gleba`
--

INSERT INTO `gleba` (`id`, `id_rural_zona`, `nome`, `poligono`, `rgi`) VALUES
(1, 1, 'Buraco Fundo', 0x000000000103000000010000003600000000000000203c234100000080508d5c4100000000903c2341000000400b8d5c41000000005a3b234100000000278d5c41000000008c3b2341000000c0328d5c41000000009a3b234100000000328d5c4100000000203c234100000080508d5c41000000005a3b234100000000278d5c4100000000903c2341000000400b8d5c4100000000ae3c234100000000fc8c5c4100000000f83a2341000000c0fb8c5c41000000005a3b234100000000278d5c4100000000f83a2341000000c0fb8c5c4100000000ae3c234100000000fc8c5c4100000000d43c234100000040e78c5c4100000000323b234100000040de8c5c4100000000f83a2341000000c0fb8c5c4100000000323b234100000040de8c5c4100000000d43c234100000040e78c5c4100000000ea3c234100000000db8c5c41000000004c3b234100000080d18c5c4100000000323b234100000040de8c5c41000000004c3b234100000080d18c5c4100000000ea3c234100000000db8c5c4100000080014b594100000040c08c5c41000000004c3b234100000080b48c5c41000000005c3b234100000000bc8c5c41000000004c3b234100000080d18c5c41000000004c3b234100000080b48c5c41000000000c3d234100000040c08c5c41000000002e3d234100000000aa8c5c41000000001a3b2341000000809d8c5c41000000004c3b234100000080b48c5c41000000001a3b2341000000809d8c5c41000000002e3d234100000000aa8c5c4100000000443d2341000000409a8c5c4100000000123b234100000000868c5c41000000001a3b2341000000809d8c5c4100000000123b234100000000868c5c4100000000443d2341000000409a8c5c41000000006c3d2341000000c07c8c5c41000000001c3b234100000000638c5c4100000000023b2341000000c0728c5c4100000000123b234100000000868c5c41000000001c3b234100000000638c5c41000000006c3d2341000000c07c8c5c4100000000803d2341000000406e8c5c4100000000923b234100000080498c5c4100000000363b234100000000558c5c41000000001c3b234100000000638c5c4100000000923b234100000080498c5c4100000000803d2341000000406e8c5c41000000009c3d2341000000405e8c5c41000000002e3c234100000040358c5c4100000000203c234100000080508d5c41, 'RGI-2024-001'),
(2, 1, 'Vale das Águas', 0x000000000103000000010000000500000000000000c83d234100000000928d5c41000000002c3e234100000000798d5c4100000000003d234100000000478d5c41000000009c3c2341000000002e8d5c4100000000c83d234100000000928d5c41, 'RGI-2024-002'),
(3, 1, 'Morro Alto', 0x000000000103000000010000000500000000000000903e2341000000000f8e5c4100000000f43e234100000000f68d5c4100000000c83d234100000000c48d5c4100000000643d234100000000ab8d5c4100000000903e2341000000000f8e5c41, 'RGI-2024-003'),
(4, 1, 'Serra Negra', 0x000000000103000000010000000500000000000000583f2341000000005a8e5c4100000000bc3f234100000000418e5c4100000000903e2341000000000f8e5c41000000002c3e234100000000f68d5c4100000000583f2341000000005a8e5c41, 'RGI-2024-004'),
(5, 1, 'Caminho das Pedras', 0x00000000010300000001000000050000000000000020402341000000008c8e5c41000000008440234100000000738e5c4100000000583f234100000000418e5c4100000000f43e234100000000288e5c410000000020402341000000008c8e5c41, 'RGI-2024-005'),
(6, 1, 'Fazenda do Sol', 0x000000000103000000010000000500000000000000e840234100000000d78e5c41000000004c41234100000000be8e5c410000000020402341000000008c8e5c4100000000bc3f234100000000738e5c4100000000e840234100000000d78e5c41, 'RGI-2024-006'),
(7, 1, 'Campo Verde', 0x000000000103000000010000000500000000000000b041234100000000228f5c41000000001442234100000000098f5c4100000000e840234100000000d78e5c41000000008440234100000000be8e5c4100000000b041234100000000228f5c41, 'RGI-2024-007'),
(8, 1, 'Ribeirão das Águas', 0x00000000010300000001000000050000000000000078422341000000006d8f5c4100000000dc42234100000000548f5c4100000000b041234100000000228f5c41000000004c41234100000000098f5c410000000078422341000000006d8f5c41, 'RGI-2024-008'),
(9, 1, 'Fazenda das Palmeiras', 0x0000000001030000000100000005000000000000004043234100000000b88f5c4100000000a4432341000000009f8f5c410000000078422341000000006d8f5c41000000001442234100000000548f5c41000000004043234100000000b88f5c41, 'RGI-2024-009'),
(10, 1, 'Boa Vista', 0x000000000103000000010000000500000000000000084423410000000003905c41000000006c44234100000000ea8f5c41000000004043234100000000b88f5c4100000000dc422341000000009f8f5c4100000000084423410000000003905c41, 'RGI-2024-010');

-- --------------------------------------------------------

--
-- Estrutura para tabela `lote`
--

CREATE TABLE `lote` (
  `id` int NOT NULL,
  `poligono` polygon NOT NULL,
  `area` double NOT NULL,
  `codigo` varchar(10) DEFAULT NULL,
  `situacao` varchar(10) DEFAULT NULL,
  `Equipe` varchar(20) DEFAULT NULL,
  `id_gleba` int NOT NULL,
  `id_endereco` int NOT NULL,
  `id_documento` int NOT NULL,
  `sede` point DEFAULT NULL
) ENGINE=InnoDB DEFAULT CHARSET=utf8mb3;

--
-- Despejando dados para a tabela `lote`
--

INSERT INTO `lote` (`id`, `poligono`, `area`, `codigo`, `situacao`, `Equipe`, `id_gleba`, `id_endereco`, `id_documento`, `sede`) VALUES
(21, 0x000000000103000000010000000600000000000000203c234100000080508d5c4100000000903c2341000000400b8d5c41000000005a3b234100000000278d5c41000000008c3b2341000000c0328d5c41000000009a3b234100000000328d5c4100000000203c234100000080508d5c41, 150.5, 'L001', 'Ativo', 'Equipe A', 1, 1, 1, 0x00000000010100000000000000a23b2341000000402d8d5c41),
(22, 0x0000000001030000000100000005000000000000005a3b234100000000278d5c4100000000903c2341000000400b8d5c4100000000ae3c234100000000fc8c5c4100000000f83a2341000000c0fb8c5c41000000005a3b234100000000278d5c41, 120.3, 'L002', 'Inativo', 'Equipe B', 1, 2, 2, 0x00000000010100000000000000703b234100000080028d5c41),
(23, 0x000000000103000000010000000500000000000000f83a2341000000c0fb8c5c4100000000ae3c234100000000fc8c5c4100000000d43c234100000040e78c5c4100000000323b234100000040de8c5c4100000000f83a2341000000c0fb8c5c41, 140.7, 'L003', 'Ativo', 'Equipe A', 1, 3, 3, 0x000000000101000000000000005e3b234100000000f78c5c41),
(24, 0x000000000103000000010000000500000000000000323b234100000040de8c5c4100000000d43c234100000040e78c5c4100000000ea3c234100000000db8c5c41000000004c3b234100000080d18c5c4100000000323b234100000040de8c5c41, 130.6, 'L004', 'Inativo', 'Equipe C', 1, 4, 4, 0x00000000010100000000000000c83b2341000000c0d78c5c41),
(25, 0x0000000001030000000100000006000000000000004c3b234100000080d18c5c4100000000ea3c234100000000db8c5c4100000080014b594100000040c08c5c41000000004c3b234100000080b48c5c41000000005c3b234100000000bc8c5c41000000004c3b234100000080d18c5c41, 110.2, 'L005', 'Ativo', 'Equipe D', 1, 5, 5, 0x00000000010100000000000000463c2341000000c0c08c5c41),
(26, 0x0000000001030000000100000005000000000000004c3b234100000080b48c5c41000000000c3d234100000040c08c5c41000000002e3d234100000000aa8c5c41000000001a3b2341000000809d8c5c41000000004c3b234100000080b48c5c41, 115.8, 'L006', 'Ativo', 'Equipe E', 1, 6, 6, 0x000000000101000000000000006c3b234100000000ab8c5c41),
(27, 0x0000000001030000000100000005000000000000001a3b2341000000809d8c5c41000000002e3d234100000000aa8c5c4100000000443d2341000000409a8c5c4100000000123b234100000000868c5c41000000001a3b2341000000809d8c5c41, 125, 'L007', 'Inativo', 'Equipe F', 1, 7, 7, 0x00000000010100000000000000a63b2341000000c0988c5c41),
(28, 0x000000000103000000010000000600000000000000123b234100000000868c5c4100000000443d2341000000409a8c5c41000000006c3d2341000000c07c8c5c41000000001c3b234100000000638c5c4100000000023b2341000000c0728c5c4100000000123b234100000000868c5c41, 135.4, 'L008', 'Ativo', 'Equipe G', 1, 8, 8, 0x00000000010100000000000000323b2341000000c0788c5c41),
(29, 0x0000000001030000000100000006000000000000001c3b234100000000638c5c41000000006c3d2341000000c07c8c5c4100000000803d2341000000406e8c5c4100000000923b234100000080498c5c4100000000363b234100000000558c5c41000000001c3b234100000000638c5c41, 145.1, 'L009', 'Ativo', 'Equipe H', 1, 9, 9, 0x00000000010100000000000000243c2341000000005b8c5c41),
(30, 0x000000000103000000010000000500000000000000923b234100000080498c5c4100000000803d2341000000406e8c5c41000000009c3d2341000000405e8c5c41000000002e3c234100000040358c5c4100000000923b234100000080498c5c41, 155.3, 'L010', 'Inativo', 'Equipe I', 1, 10, 10, 0x00000000010100000000000000c23c2341000000c0538c5c41);

-- --------------------------------------------------------

--
-- Estrutura para tabela `municipio`
--

CREATE TABLE `municipio` (
  `id` int NOT NULL,
  `poligono` polygon NOT NULL,
  `nome` varchar(100) NOT NULL
) ENGINE=InnoDB DEFAULT CHARSET=utf8mb3;

--
-- Despejando dados para a tabela `municipio`
--

INSERT INTO `municipio` (`id`, `poligono`, `nome`) VALUES
(3, 0x0000000001030000000100000005000000e17a142e5e2e2441000000d039615c410ad7a3f00d442441713d0a471b3c5c41d7a3703db950244114ae47f1b9515c41a4703d0a427e24410ad7a370275e5c41e17a142e5e2e2441000000d039615c41, 'Rio de Janeiro'),
(4, 0x0000000001030000000100000005000000ae47e17a834a2541c3f528dcb3875c410ad7a3f04f08264114ae4761ae815c41b81e856b4feb2541000000809e815c41d7a370bdd53f26417b14ae17ce855c41ae47e17a834a2541c3f528dcb3875c41, 'Niterói'),
(5, 0x0000000001030000000100000005000000b81e856b929b2541c3f5283c11a55c41ec51b81efa65254114ae47a144b85c41295c8fc2ea7224417b14aed710aa5c410ad7a37001142541d7a3705ddea65c41b81e856b929b2541c3f5283c11a55c41, 'Petrópolis'),
(6, 0x0000000001030000000100000005000000713d0a57fa6f2541cdcccc5ca5cc5c4100000080e7c4244185eb519878bd5c41c3f5285c21672441ec51b80e63b05c417b14ae47b6fb2441f6285cbfd8d25c41713d0a57fa6f2541cdcccc5ca5cc5c41, 'Teresópolis'),
(7, 0x0000000001030000000100000005000000a4703d0a5b2f2641a4703daadad35c410ad7a370191826417b14aee797df5c4114ae47e12f262541666666367ee85c411f85ebd108cc24411f85ebe146c65c41a4703d0a5b2f2641a4703daadad35c41, 'Nova Friburgo'),
(8, 0x0000000001030000000100000005000000c3f528dc384e2641333333e3826e5d41b81e85eb885027418fc2f5e8d0765d41ec51b89e691c27418fc2f548276e5d41f6285c8f465e2641ec51b83ef6725d41c3f528dc384e2641333333e3826e5d41, 'Campos dos Goytacazes'),
(9, 0x0000000001030000000100000005000000b81e856bd6cc2641ec51b82e2d325d4152b81e058cc726415c8fc2f52f305d4166666666fad52641e17a149e68355d41a4703d8a49df2641ae47e11a54355d41b81e856bd6cc2641ec51b82e2d325d41, 'Itaperuna'),
(10, 0x00000000010300000001000000050000009a999999479d2441e17a146e80415c4114ae47611ab9244148e17a346b3e5c41f6285c0f91862441b81e850b9d3b5c413d0ad7a3f6ad2441295c8f025b3f5c419a999999479d2441e17a146e80415c41, 'Resende'),
(11, 0x0000000001030000000100000005000000a4703d8a74cd2441e17a14ce575b5c41ec51b89edad624417b14ae37615b5c41713d0ad7400a2541f6285cdf185e5c4166666666c0dc244114ae47a191605c41a4703d8a74cd2441e17a14ce575b5c41, 'Três Rios'),
(12, 0x0000000001030000000100000005000000a4703d0ae02b2541295c8f22b7325c417b14ae47bd5125415c8fc2e5b0375c41a4703d0a0c592541666666d618375c41713d0a575d2b2541295c8fd29f395c41a4703d0ae02b2541295c8f22b7325c41, 'Barra Mansa'),
(13, 0x0000000001030000000100000005000000b81e85eb60cb2541c3f5281cd19f5c413d0ad7a349d925410ad7a3b0aaa45c41e17a14ae4ed52541c3f5281c659d5c411f85eb51e0f62541f6285cdf20a15c41b81e85eb60cb2541c3f5281cd19f5c41, 'Araruama'),
(14, 0x0000000001030000000100000005000000ae47e1fa81272641d7a3709d8eaa5c41e17a14ae622426413d0ad7d39da95c419a9999192108264152b81e354fae5c415c8fc2f53c2e26418fc2f57848ae5c41ae47e1fa81272641d7a3709d8eaa5c41, 'Saquarema'),
(15, 0x00000000010300000001000000050000009a9999191c57264133333323acd15c41295c8f4211822641ec51b85e7ad05c41f6285c0fab6d2641cdcccccc13d15c411f85ebd1b6742641c3f528dcaed35c419a9999191c57264133333323acd15c41, 'Rio das Ostras'),
(16, 0x000000000103000000010000000500000000000000cec726419a99992904505c41f6285c8f9c982641c3f5285c31545c41333333b3e0e22641ae47e15a044f5c413d0ad723acbb264148e17a84ce4f5c4100000000cec726419a99992904505c41, 'São Gonçalo'),
(17, 0x00000000010300000001000000050000007b14ae47c002274114ae47a1905c5c41cdcccc4c58f32641c3f5284c7d5d5c4152b81e056bf82641e17a14fee25d5c41e17a14ae16f926411f85eb311d5d5c417b14ae47c002274114ae47a1905c5c41, 'Maricá'),
(18, 0x000000000103000000010000000500000085eb51b86b742741ec51b8bedb4a5c413d0ad7a3f26d27419a999969c04c5c41ec51b89ef87e274152b81e25f2475c41ae47e1fa0b762741e17a140e05475c4185eb51b86b742741ec51b8bedb4a5c41, 'Mangaratiba'),
(19, 0xd37f00000103000000010000000500000000000000308023410000000028755c4100000000188423410000000028755c41000000001884234100000000a5755c41000000003080234100000000a5755c4100000000308023410000000028755c41, 'Seropédica');

-- --------------------------------------------------------

--
-- Estrutura para tabela `ocupante`
--

CREATE TABLE `ocupante` (
  `id` int NOT NULL,
  `data_nascimento` date NOT NULL,
  `rg` varchar(14) NOT NULL,
  `telefone` varchar(12) DEFAULT NULL
) ENGINE=InnoDB DEFAULT CHARSET=utf8mb3;

--
-- Despejando dados para a tabela `ocupante`
--

INSERT INTO `ocupante` (`id`, `data_nascimento`, `rg`, `telefone`) VALUES
(1, '1985-06-15', '123456789', '21987654321'),
(2, '1990-12-22', '234567890', '21987654322'),
(3, '1987-03-12', '345678901', '21987654323'),
(4, '1995-07-09', '456789012', '21987654324'),
(5, '1989-01-29', '567890123', '21987654325'),
(6, '1982-10-16', '678901234', '21987654326'),
(7, '1992-11-07', '789012345', '21987654327'),
(8, '1980-09-18', '890123456', '21987654328'),
(9, '1996-03-25', '901234567', '21987654329'),
(10, '1984-05-11', '012345678', '21987654330'),
(11, '1991-02-17', '112345679', '21987654331'),
(12, '1983-08-24', '212345680', '21987654332'),
(13, '1993-01-03', '312345681', '21987654333'),
(14, '1988-06-28', '412345682', '21987654334'),
(15, '1986-11-11', '512345683', '21987654335'),
(16, '1994-09-12', '612345684', '21987654336'),
(17, '1981-10-10', '712345685', '21987654337'),
(18, '1990-04-05', '812345686', '21987654338'),
(19, '1985-01-15', '912345687', '21987654339'),
(20, '1992-06-30', '022345688', '21987654340');

-- --------------------------------------------------------

--
-- Estrutura para tabela `ocupante_lote`
--

CREATE TABLE `ocupante_lote` (
  `id_cupante` int NOT NULL,
  `id_lote` int NOT NULL
) ENGINE=InnoDB DEFAULT CHARSET=utf8mb3;

--
-- Despejando dados para a tabela `ocupante_lote`
--

INSERT INTO `ocupante_lote` (`id_cupante`, `id_lote`) VALUES
(1, 21),
(2, 22),
(3, 23),
(4, 24),
(5, 25),
(6, 26),
(7, 27),
(8, 28),
(9, 29),
(10, 30);

-- --------------------------------------------------------

--
-- Estrutura para tabela `pessoa`
--

CREATE TABLE `pessoa` (
  `id` int NOT NULL,
  `nome` varchar(100) NOT NULL,
  `email` varchar(320) NOT NULL,
  `cpf` varchar(11) NOT NULL
) ENGINE=InnoDB DEFAULT CHARSET=utf8mb3;

--
-- Despejando dados para a tabela `pessoa`
--

INSERT INTO `pessoa` (`id`, `nome`, `email`, `cpf`) VALUES
(1, 'Ana Clara Souza', 'ana.souza@gmail.com', '12345678901'),
(2, 'João Pedro Lima', 'joao.lima@hotmail.com', '23456789012'),
(3, 'Maria Eduarda Silva', 'maria.eduarda@yahoo.com', '34567890123'),
(4, 'Pedro Henrique Santos', 'pedro.santos@gmail.com', '45678901234'),
(5, 'Juliana Oliveira', 'juliana.oliveira@hotmail.com', '56789012345'),
(6, 'Lucas Gabriel Pereira', 'lucas.pereira@yahoo.com', '67890123456'),
(7, 'Carla Beatriz Rocha', 'carla.rocha@gmail.com', '78901234567'),
(8, 'Bruno Henrique Costa', 'bruno.costa@hotmail.com', '89012345678'),
(9, 'Fernanda Carvalho Lima', 'fernanda.lima@yahoo.com', '90123456789'),
(10, 'Rafael Augusto Almeida', 'rafael.almeida@gmail.com', '01234567890'),
(11, 'Camila Cristina Azevedo', 'camila.azevedo@hotmail.com', '11234567891'),
(12, 'Gustavo Ferreira da Silva', 'gustavo.silva@yahoo.com', '12234567892'),
(13, 'Letícia Martins Soares', 'leticia.soares@gmail.com', '13234567893'),
(14, 'Eduardo Figueiredo Melo', 'eduardo.melo@hotmail.com', '14234567894'),
(15, 'Paula Regina Andrade', 'paula.andrade@yahoo.com', '15234567895'),
(16, 'Leonardo Moura Teixeira', 'leonardo.teixeira@gmail.com', '16234567896'),
(17, 'Tatiana Cristina Ribeiro', 'tatiana.ribeiro@hotmail.com', '17234567897'),
(18, 'Marcelo Antônio Xavier', 'marcelo.xavier@yahoo.com', '18234567898'),
(19, 'Vanessa Rocha Fernandes', 'vanessa.fernandes@gmail.com', '19234567899'),
(20, 'Rodrigo Mendes Sousa', 'rodrigo.sousa@hotmail.com', '20234567890'),
(21, 'Patrícia Alves Torres', 'patricia.torres@yahoo.com', '21234567891'),
(22, 'André Luiz Freitas', 'andre.freitas@gmail.com', '22234567892'),
(23, 'Larissa Rocha Barbosa', 'larissa.barbosa@hotmail.com', '23234567893'),
(24, 'Felipe César Gomes', 'felipe.gomes@yahoo.com', '24234567894'),
(25, 'Bianca Alves Correia', 'bianca.correia@gmail.com', '25234567895'),
(26, 'Renato dos Santos Reis', 'renato.reis@hotmail.com', '26234567896'),
(27, 'Aline Maria Cardoso', 'aline.cardoso@yahoo.com', '27234567897'),
(28, 'Vinícius Henrique Moreira', 'vinicius.moreira@gmail.com', '28234567898'),
(29, 'Cíntia Rodrigues Nascimento', 'cintia.nascimento@hotmail.com', '29234567899'),
(30, 'Roberto Carlos Dias', 'roberto.dias@yahoo.com', '30234567890'),
(31, 'Érica da Silva Costa', 'erica.costa@gmail.com', '31234567891'),
(32, 'Carlos Eduardo Medeiros', 'carlos.medeiros@hotmail.com', '32234567892'),
(33, 'Viviane Gomes Maciel', 'viviane.maciel@yahoo.com', '33234567893'),
(34, 'Sérgio Augusto Araújo', 'sergio.araujo@gmail.com', '34234567894'),
(35, 'Eliana Regina Campos', 'eliana.campos@hotmail.com', '35234567895'),
(36, 'Rogério Luiz Monteiro', 'rogerio.monteiro@yahoo.com', '36234567896'),
(37, 'Cláudia Fernandes Lopes', 'claudia.lopes@gmail.com', '37234567897'),
(38, 'Diego Martins Rocha', 'diego.rocha@hotmail.com', '38234567898'),
(39, 'Mariana Carvalho Ribeiro', 'mariana.ribeiro@yahoo.com', '39234567899'),
(40, 'Thiago dos Reis Almeida', 'thiago.almeida@gmail.com', '40234567890');

-- --------------------------------------------------------

--
-- Estrutura para tabela `rural`
--

CREATE TABLE `rural` (
  `id_zona` int NOT NULL,
  `itr` varchar(45) DEFAULT NULL
) ENGINE=InnoDB DEFAULT CHARSET=utf8mb3;

--
-- Despejando dados para a tabela `rural`
--

INSERT INTO `rural` (`id_zona`, `itr`) VALUES
(1, 'ITR-2024-001'),
(2, 'ITR-2024-002'),
(3, 'ITR-2024-003'),
(4, 'ITR-2024-004'),
(5, 'ITR-2024-005'),
(6, 'ITR-2024-006'),
(7, 'ITR-2024-007'),
(8, 'ITR-2024-008'),
(9, 'ITR-2024-009'),
(10, 'ITR-2024-010');

-- --------------------------------------------------------

--
-- Estrutura para tabela `tipo_documento`
--

CREATE TABLE `tipo_documento` (
  `id` int NOT NULL,
  `nome` varchar(45) NOT NULL,
  `sigla` varchar(10) DEFAULT NULL
) ENGINE=InnoDB DEFAULT CHARSET=utf8mb3;

--
-- Despejando dados para a tabela `tipo_documento`
--

INSERT INTO `tipo_documento` (`id`, `nome`, `sigla`) VALUES
(1, 'Escritura Pública de Compra e Venda', 'EPCV'),
(2, 'Contrato de Compromisso de Compra e Venda', 'CCCV'),
(3, 'Certidão de Regularização Fundiária', 'CRF'),
(4, 'Termo de Posse', 'TP'),
(5, 'Certidão de Ônus Reais', 'COR'),
(6, 'Declaração de Imóvel Rural', 'DIR'),
(7, 'Laudo de Vistoria Técnica', 'LVT'),
(8, 'Certidão de Registro de Imóveis', 'CRI'),
(9, 'Projeto de Regularização Fundiária', 'PRF'),
(10, 'Declaração de Conformidade Ambiental', 'DCA'),
(11, 'Planta de Localização e Descrição do Imóvel', 'PLDI'),
(12, 'Registro de Fração Ideal', 'RFI'),
(13, 'Certidão de Quitação de Débitos', 'CQD'),
(14, 'Termo de Ajustamento de Conduta', 'TAC'),
(15, 'Contrato de Concessão de Uso', 'CCU'),
(16, 'Certidão de Emissão de Posse', 'CEP'),
(17, 'Ato de Regularização Fundiária', 'ARF'),
(18, 'Contrato de Permissão de Uso', 'CPU'),
(19, 'Certificado de Conclusão de Obra', 'CCO'),
(20, 'Certidão de Regularidade Ambiental', 'CRA'),
(21, 'Planta Baixa do Imóvel', 'PBI'),
(22, 'Auto de Vistoria', 'AV'),
(23, 'Termo de Reconhecimento de Posse', 'TRP'),
(24, 'Declaração de Imóvel Urbano', 'DIU'),
(25, 'Declaração de Afloramento de Solo', 'DAS'),
(26, 'Certificado de Regulação Ambiental', 'CRA'),
(27, 'Declaração de Existência de Benfeitorias', 'DEB'),
(28, 'Certidão de Acordo de Regularização', 'CAR'),
(29, 'Laudo de Conformidade Fundiária', 'LCF'),
(30, 'Relatório Técnico de Regularização', 'RTR'),
(31, 'Termo de Ajuste de Regularização', 'TAR'),
(32, 'Certidão de Licenciamento Ambiental', 'CLA'),
(33, 'Contrato de Arrendamento de Imóvel', 'CAI'),
(34, 'Protocolo de Solicitação de Regularização', 'PSR'),
(35, 'Comprovante de Imóvel Regularizado', 'CIR'),
(36, 'Certidão de Responsabilidade Técnica', 'CRT'),
(37, 'Projeto de Infraestrutura Fundiária', 'PIF'),
(38, 'Certificado de Regularidade de Uso', 'CRU'),
(39, 'Laudo de Conformidade Territorial', 'LCT'),
(40, 'Protocolo de Requerimento de Regularização', 'PRR'),
(41, 'Comprovante de Taxa de Regularização', 'CTR');

-- --------------------------------------------------------

--
-- Estrutura para tabela `urbano`
--

CREATE TABLE `urbano` (
  `area` varchar(45) DEFAULT NULL,
  `id_zona` int NOT NULL
) ENGINE=InnoDB DEFAULT CHARSET=utf8mb3;

--
-- Despejando dados para a tabela `urbano`
--

INSERT INTO `urbano` (`area`, `id_zona`) VALUES
('Área Central: 1 hectare', 21),
('Boa Esperança: 4 hectares', 22),
('Jardim das Flores: 6 hectares', 23),
('Campo Lindo: 3 hectares', 24),
('Vila Real: 1 hectare', 25),
('Centro Paracambi: 4 hectares', 26),
('Jardim Imperial: 2.25 hectares', 27),
('Centro Japeri: 4 hectares', 28),
('Nova Belém: 6.25 hectares', 29),
('Engenheiro Pedreira: 9 hectares', 30);

-- --------------------------------------------------------

--
-- Estrutura para tabela `usuario`
--

CREATE TABLE `usuario` (
  `id` int NOT NULL,
  `cargo` varchar(50) NOT NULL,
  `senha` varchar(12) NOT NULL,
  `data_acesso` date NOT NULL,
  `foto` varchar(45) DEFAULT NULL
) ENGINE=InnoDB DEFAULT CHARSET=utf8mb3;

--
-- Despejando dados para a tabela `usuario`
--

INSERT INTO `usuario` (`id`, `cargo`, `senha`, `data_acesso`, `foto`) VALUES
(21, 'Admin', 'senha1', '2024-01-15', 'foto_ana.jpg'),
(22, 'Editor', 'senha2', '2024-01-16', 'foto_joao.jpg'),
(23, 'Gerente', 'senha3', '2024-01-17', 'foto_maria.jpg'),
(24, 'Admin', 'senha4', '2024-01-18', 'foto_pedro.jpg'),
(25, 'Editor', 'senha5', '2024-01-19', 'foto_juliana.jpg'),
(26, 'Gerente', 'senha6', '2024-01-20', 'foto_lucas.jpg'),
(27, 'Editor', 'senha7', '2024-01-21', 'foto_carla.jpg'),
(28, 'Admin', 'senha8', '2024-01-22', 'foto_bruno.jpg'),
(29, 'Gerente', 'senha9', '2024-01-23', 'foto_fernanda.jpg'),
(30, 'Editor', 'senha10', '2024-01-24', 'foto_rafael.jpg'),
(31, 'Admin', 'senha11', '2024-01-25', 'foto_camila.jpg'),
(32, 'Gerente', 'senha12', '2024-01-26', 'foto_gustavo.jpg'),
(33, 'Editor', 'senha13', '2024-01-27', 'foto_leticia.jpg'),
(34, 'Admin', 'senha14', '2024-01-28', 'foto_eduardo.jpg'),
(35, 'Gerente', 'senha15', '2024-01-29', 'foto_paula.jpg'),
(36, 'Editor', 'senha16', '2024-01-30', 'foto_leonardo.jpg'),
(37, 'Admin', 'senha17', '2024-01-31', 'foto_tatiana.jpg'),
(38, 'Gerente', 'senha18', '2024-02-01', 'foto_marcelo.jpg'),
(39, 'Editor', 'senha19', '2024-02-02', 'foto_vanessa.jpg'),
(40, 'Admin', 'senha20', '2024-02-03', 'foto_rodrigo.jpg');

-- --------------------------------------------------------

--
-- Estrutura para tabela `zona`
--

CREATE TABLE `zona` (
  `id` int NOT NULL,
  `perimetro` polygon DEFAULT NULL,
  `id_municipio` int NOT NULL
) ENGINE=InnoDB DEFAULT CHARSET=utf8mb3;

--
-- Despejando dados para a tabela `zona`
--

INSERT INTO `zona` (`id`, `perimetro`, `id_municipio`) VALUES
(1, 0x000000000103000000010000000500000000000000703b234100000000158d5c4100000000d43b234100000000fc8c5c4100000000383c234100000000e38c5c41000000009c3c234100000000ca8c5c4100000000703b234100000000158d5c41, 19),
(2, 0x0000000001030000000100000005000000000000009c3c234100000000ca8c5c4100000000003d234100000000b18c5c4100000000643d234100000000988c5c4100000000c83d2341000000007f8c5c41000000009c3c234100000000ca8c5c41, 19),
(3, 0x000000000103000000010000000500000000000000c83d2341000000007f8c5c41000000002c3e234100000000668c5c4100000000903e2341000000004d8c5c4100000000f43e234100000000348c5c4100000000c83d2341000000007f8c5c41, 19),
(4, 0x000000000103000000010000000500000000000000f43e234100000000348c5c4100000000583f2341000000001b8c5c4100000000bc3f234100000000028c5c41000000002040234100000000e98b5c4100000000f43e234100000000348c5c41, 19),
(5, 0x0000000001030000000100000005000000000000002040234100000000e98b5c41000000008440234100000000d08b5c4100000000e840234100000000b78b5c41000000004c412341000000009e8b5c41000000002040234100000000e98b5c41, 19),
(6, 0x0000000001030000000100000005000000000000004c412341000000009e8b5c4100000000b041234100000000858b5c410000000014422341000000006c8b5c41000000007842234100000000538b5c41000000004c412341000000009e8b5c41, 19),
(7, 0x0000000001030000000100000005000000000000007842234100000000538b5c4100000000dc422341000000003a8b5c41000000004043234100000000218b5c4100000000a443234100000000088b5c41000000007842234100000000538b5c41, 19),
(8, 0x000000000103000000010000000500000000000000a443234100000000088b5c41000000000844234100000000ef8a5c41000000006c44234100000000d68a5c4100000000d044234100000000bd8a5c4100000000a443234100000000088b5c41, 19),
(9, 0x000000000103000000010000000500000000000000d044234100000000bd8a5c41000000003445234100000000a48a5c410000000098452341000000008b8a5c4100000000fc45234100000000728a5c4100000000d044234100000000bd8a5c41, 19),
(10, 0x000000000103000000010000000500000000000000fc45234100000000728a5c41000000006046234100000000598a5c4100000000c446234100000000408a5c41000000002847234100000000278a5c4100000000fc45234100000000728a5c41, 19),
(21, 0x000000000103000000010000000a00000000000000e039234100000000928d5c4100000000443a234100000000ab8d5c4100000000a83a234100000000c48d5c41000000000c3b234100000000dd8d5c4100000000703b234100000000f68d5c4100000000d43b2341000000000f8e5c4100000000383c234100000000288e5c41000000009c3c234100000000418e5c4100000000003d2341000000005a8e5c4100000000e039234100000000928d5c41, 5),
(22, 0x000000000103000000010000000a00000000000000003d2341000000005a8e5c4100000000643d234100000000738e5c4100000000c83d2341000000008c8e5c41000000002c3e234100000000a58e5c4100000000903e234100000000be8e5c4100000000f43e234100000000d78e5c4100000000583f234100000000f08e5c4100000000bc3f234100000000098f5c41000000002040234100000000228f5c4100000000003d2341000000005a8e5c41, 8),
(23, 0x000000000103000000010000000a000000000000002040234100000000228f5c410000000084402341000000003b8f5c4100000000e840234100000000548f5c41000000004c412341000000006d8f5c4100000000b041234100000000868f5c410000000014422341000000009f8f5c41000000007842234100000000b88f5c4100000000dc42234100000000d18f5c41000000004043234100000000ea8f5c41000000002040234100000000228f5c41, 9),
(24, 0x000000000103000000010000000a000000000000004043234100000000ea8f5c4100000000a44323410000000003905c410000000008442341000000001c905c41000000006c4423410000000035905c4100000000d0442341000000004e905c4100000000344523410000000067905c4100000000984523410000000080905c4100000000fc4523410000000099905c41000000006046234100000000b2905c41000000004043234100000000ea8f5c41, 5),
(25, 0x000000000103000000010000000a000000000000006046234100000000b2905c4100000000c446234100000000cb905c41000000002847234100000000e4905c41000000008c47234100000000fd905c4100000000f04723410000000016915c410000000054482341000000002f915c4100000000b84823410000000048915c41000000001c4923410000000061915c410000000080492341000000007a915c41000000006046234100000000b2905c41, 5),
(26, 0x000000000103000000010000000a0000000000000080492341000000007a915c4100000000e44923410000000093915c4100000000484a234100000000ac915c4100000000ac4a234100000000c5915c4100000000104b234100000000de915c4100000000744b234100000000f7915c4100000000d84b23410000000010925c41000000003c4c23410000000029925c4100000000a04c23410000000042925c410000000080492341000000007a915c41, 6),
(27, 0x000000000103000000010000000a00000000000000a04c23410000000042925c4100000000044d2341000000005b925c4100000000684d23410000000074925c4100000000cc4d2341000000008d925c4100000000304e234100000000a6925c4100000000944e234100000000bf925c4100000000f84e234100000000d8925c41000000005c4f234100000000f1925c4100000000c04f2341000000000a935c4100000000a04c23410000000042925c41, 7),
(28, 0x000000000103000000010000000a00000000000000c04f2341000000000a935c4100000000245023410000000023935c410000000088502341000000003c935c4100000000ec5023410000000055935c410000000050512341000000006e935c4100000000b45123410000000087935c41000000001852234100000000a0935c41000000007c52234100000000b9935c4100000000e052234100000000d2935c4100000000c04f2341000000000a935c41, 8),
(29, 0x000000000103000000010000000a00000000000000e052234100000000d2935c41000000004453234100000000eb935c4100000000a85323410000000004945c41000000000c542341000000001d945c4100000000705423410000000036945c4100000000d4542341000000004f945c4100000000385523410000000068945c41000000009c5523410000000081945c410000000000562341000000009a945c4100000000e052234100000000d2935c41, 9),
(30, 0x000000000103000000010000000a0000000000000000562341000000009a945c41000000006456234100000000b3945c4100000000c856234100000000cc945c41000000002c57234100000000e5945c41000000009057234100000000fe945c4100000000f45723410000000017955c4100000000585823410000000030955c4100000000bc5823410000000049955c4100000000205923410000000062955c410000000000562341000000009a945c41, 10);

--
-- Índices para tabelas despejadas
--

--
-- Índices de tabela `documento`
--
ALTER TABLE `documento`
  ADD PRIMARY KEY (`id`),
  ADD UNIQUE KEY `Arquivo_UNIQUE` (`arquivo`);

--
-- Índices de tabela `documento_has_tipo_documento`
--
ALTER TABLE `documento_has_tipo_documento`
  ADD PRIMARY KEY (`id_documento`,`id_tipo_documento`),
  ADD KEY `fk_Documento_has_Tipo_documento_Tipo_documento1_idx` (`id_tipo_documento`),
  ADD KEY `fk_Documento_has_Tipo_documento_Documento1_idx` (`id_documento`);

--
-- Índices de tabela `endereco`
--
ALTER TABLE `endereco`
  ADD PRIMARY KEY (`id`);

--
-- Índices de tabela `fazenda`
--
ALTER TABLE `fazenda`
  ADD PRIMARY KEY (`id`),
  ADD UNIQUE KEY `Nome_UNIQUE` (`nome`);

--
-- Índices de tabela `fazenda_municipio`
--
ALTER TABLE `fazenda_municipio`
  ADD PRIMARY KEY (`id_fazenda`,`id_municipio`),
  ADD KEY `fk_Fazenda_has_Municipio_Municipio1_idx` (`id_municipio`),
  ADD KEY `fk_Fazenda_has_Municipio_Fazenda1_idx` (`id_fazenda`);

--
-- Índices de tabela `gleba`
--
ALTER TABLE `gleba`
  ADD PRIMARY KEY (`id`),
  ADD KEY `fk_Gleba_Rural1_idx` (`id_rural_zona`);

--
-- Índices de tabela `lote`
--
ALTER TABLE `lote`
  ADD PRIMARY KEY (`id`),
  ADD UNIQUE KEY `Codigo_UNIQUE` (`codigo`),
  ADD KEY `fk_Lote_Gleba1_idx` (`id_gleba`),
  ADD KEY `fk_Lote_Endereco1_idx` (`id_endereco`),
  ADD KEY `fk_Lote_Documento1_idx` (`id_documento`);

--
-- Índices de tabela `municipio`
--
ALTER TABLE `municipio`
  ADD PRIMARY KEY (`id`),
  ADD UNIQUE KEY `nome_UNIQUE` (`nome`);

--
-- Índices de tabela `ocupante`
--
ALTER TABLE `ocupante`
  ADD PRIMARY KEY (`id`),
  ADD UNIQUE KEY `RG_UNIQUE` (`rg`),
  ADD UNIQUE KEY `Telefone_UNIQUE` (`telefone`),
  ADD KEY `fk_Ocupante_Pessoa_idx` (`id`);

--
-- Índices de tabela `ocupante_lote`
--
ALTER TABLE `ocupante_lote`
  ADD PRIMARY KEY (`id_cupante`,`id_lote`),
  ADD KEY `fk_Ocupante_has_Lote_Lote1_idx` (`id_lote`),
  ADD KEY `fk_Ocupante_has_Lote_Ocupante1_idx` (`id_cupante`);

--
-- Índices de tabela `pessoa`
--
ALTER TABLE `pessoa`
  ADD PRIMARY KEY (`id`),
  ADD UNIQUE KEY `CPF_UNIQUE` (`cpf`),
  ADD UNIQUE KEY `Email_UNIQUE` (`email`);

--
-- Índices de tabela `rural`
--
ALTER TABLE `rural`
  ADD PRIMARY KEY (`id_zona`),
  ADD KEY `fk_Rural_Zona1_idx` (`id_zona`);

--
-- Índices de tabela `tipo_documento`
--
ALTER TABLE `tipo_documento`
  ADD PRIMARY KEY (`id`);

--
-- Índices de tabela `urbano`
--
ALTER TABLE `urbano`
  ADD PRIMARY KEY (`id_zona`),
  ADD KEY `fk_Urbano_Zona1_idx` (`id_zona`);

--
-- Índices de tabela `usuario`
--
ALTER TABLE `usuario`
  ADD PRIMARY KEY (`id`),
  ADD KEY `fk_Usuario_Pessoa1_idx` (`id`);

--
-- Índices de tabela `zona`
--
ALTER TABLE `zona`
  ADD PRIMARY KEY (`id`),
  ADD KEY `fk_Zona_Municipio1_idx` (`id_municipio`);

--
-- AUTO_INCREMENT para tabelas despejadas
--

--
-- AUTO_INCREMENT de tabela `documento`
--
ALTER TABLE `documento`
  MODIFY `id` int NOT NULL AUTO_INCREMENT, AUTO_INCREMENT=11;

--
-- AUTO_INCREMENT de tabela `endereco`
--
ALTER TABLE `endereco`
  MODIFY `id` int NOT NULL AUTO_INCREMENT, AUTO_INCREMENT=19;

--
-- AUTO_INCREMENT de tabela `fazenda`
--
ALTER TABLE `fazenda`
  MODIFY `id` int NOT NULL AUTO_INCREMENT, AUTO_INCREMENT=12;

--
-- AUTO_INCREMENT de tabela `gleba`
--
ALTER TABLE `gleba`
  MODIFY `id` int NOT NULL AUTO_INCREMENT, AUTO_INCREMENT=11;

--
-- AUTO_INCREMENT de tabela `lote`
--
ALTER TABLE `lote`
  MODIFY `id` int NOT NULL AUTO_INCREMENT, AUTO_INCREMENT=31;

--
-- AUTO_INCREMENT de tabela `municipio`
--
ALTER TABLE `municipio`
  MODIFY `id` int NOT NULL AUTO_INCREMENT, AUTO_INCREMENT=20;

--
-- AUTO_INCREMENT de tabela `pessoa`
--
ALTER TABLE `pessoa`
  MODIFY `id` int NOT NULL AUTO_INCREMENT, AUTO_INCREMENT=41;

--
-- AUTO_INCREMENT de tabela `tipo_documento`
--
ALTER TABLE `tipo_documento`
  MODIFY `id` int NOT NULL AUTO_INCREMENT, AUTO_INCREMENT=42;

--
-- AUTO_INCREMENT de tabela `zona`
--
ALTER TABLE `zona`
  MODIFY `id` int NOT NULL AUTO_INCREMENT, AUTO_INCREMENT=31;

--
-- Restrições para tabelas despejadas
--

--
-- Restrições para tabelas `documento_has_tipo_documento`
--
ALTER TABLE `documento_has_tipo_documento`
  ADD CONSTRAINT `fk_Documento_has_Tipo_documento_Documento1` FOREIGN KEY (`id_documento`) REFERENCES `documento` (`id`),
  ADD CONSTRAINT `fk_Documento_has_Tipo_documento_Tipo_documento1` FOREIGN KEY (`id_tipo_documento`) REFERENCES `tipo_documento` (`id`);

--
-- Restrições para tabelas `fazenda_municipio`
--
ALTER TABLE `fazenda_municipio`
  ADD CONSTRAINT `fk_Fazenda_has_Municipio_Fazenda1` FOREIGN KEY (`id_fazenda`) REFERENCES `fazenda` (`id`),
  ADD CONSTRAINT `fk_Fazenda_has_Municipio_Municipio1` FOREIGN KEY (`id_municipio`) REFERENCES `municipio` (`id`);

--
-- Restrições para tabelas `gleba`
--
ALTER TABLE `gleba`
  ADD CONSTRAINT `fk_Gleba_Rural1` FOREIGN KEY (`id_rural_zona`) REFERENCES `rural` (`id_zona`);

--
-- Restrições para tabelas `lote`
--
ALTER TABLE `lote`
  ADD CONSTRAINT `fk_Lote_Documento1` FOREIGN KEY (`id_documento`) REFERENCES `documento` (`id`),
  ADD CONSTRAINT `fk_Lote_Endereco1` FOREIGN KEY (`id_endereco`) REFERENCES `endereco` (`id`),
  ADD CONSTRAINT `fk_Lote_Gleba1` FOREIGN KEY (`id_gleba`) REFERENCES `gleba` (`id`);

--
-- Restrições para tabelas `ocupante`
--
ALTER TABLE `ocupante`
  ADD CONSTRAINT `fk_Ocupante_Pessoa` FOREIGN KEY (`id`) REFERENCES `pessoa` (`id`);

--
-- Restrições para tabelas `ocupante_lote`
--
ALTER TABLE `ocupante_lote`
  ADD CONSTRAINT `fk_Ocupante_has_Lote_Lote1` FOREIGN KEY (`id_lote`) REFERENCES `lote` (`id`),
  ADD CONSTRAINT `fk_Ocupante_has_Lote_Ocupante1` FOREIGN KEY (`id_cupante`) REFERENCES `ocupante` (`id`);

--
-- Restrições para tabelas `rural`
--
ALTER TABLE `rural`
  ADD CONSTRAINT `fk_Rural_Zona1` FOREIGN KEY (`id_zona`) REFERENCES `zona` (`id`);

--
-- Restrições para tabelas `urbano`
--
ALTER TABLE `urbano`
  ADD CONSTRAINT `fk_Urbano_Zona1` FOREIGN KEY (`id_zona`) REFERENCES `zona` (`id`);

--
-- Restrições para tabelas `usuario`
--
ALTER TABLE `usuario`
  ADD CONSTRAINT `fk_Usuario_Pessoa1` FOREIGN KEY (`id`) REFERENCES `pessoa` (`id`);

--
-- Restrições para tabelas `zona`
--
ALTER TABLE `zona`
  ADD CONSTRAINT `fk_Zona_Municipio1` FOREIGN KEY (`id_municipio`) REFERENCES `municipio` (`id`);
COMMIT;

/*!40101 SET CHARACTER_SET_CLIENT=@OLD_CHARACTER_SET_CLIENT */;
/*!40101 SET CHARACTER_SET_RESULTS=@OLD_CHARACTER_SET_RESULTS */;
/*!40101 SET COLLATION_CONNECTION=@OLD_COLLATION_CONNECTION */;
